Cate,Groups,Samples
Species_Group,C_0,"Y0300C, Y0303C, Y0304C, Y0794C, Y0797C, Y0818C, Y0820C, Y0821C, Y0825C, Y0828C, Y0986C, Y0987C, Y0988C, Y0989C, Y0990C, Y0991C, Y0992C, Y0995C"
Species_Group,C_Abbottina_obtusirostris,"Y0270C, Y0271C, Y0272C"
Species_Group,C_Abbottina_rivularis,"Y0553C, Y0554C, Y0555C"
Species_Group,C_Acrossocheilus_monticola,"Y0082C, Y0083C, Y0084C, Y0085C, Y0086C"
Species_Group,C_Acrossocheilus_yunnanensis,"Y0056C, Y0057C, Y0058C, Y0061C"
Species_Group,C_Ageneiogarra_imberba,"Y0069C, Y0070C, Y0071C, Y0072C, Y0073C"
Species_Group,C_Ameiurus_nebulosus,"Y0650C, Y0651C"
Species_Group,C_Ancherythroculter_kurematsui,"Y0678C, Y0679C"
Species_Group,C_Ancherythroculter_nigrocauda,"Y0500C, Y0501C, Y0698C"
Species_Group,C_Ancherythroculter_wangi,"Y0462C, Y0463C"
Species_Group,C_Barbodes_semifasciolatus,Y0985C
Species_Group,C_Belligobio_nummifer,"Y0367C, Y0368C, Y0369C, Y0370C"
Species_Group,C_Belligobio_pengxianensis,Y0346C
Species_Group,C_Carassius_auratus,"Y0119C, Y0120C, Y0121C, Y0122C, Y0172C, Y0630C, Y0632C, Y0633C, Y0993C, Y0994C"
Species_Group,C_Chanodichthys_dabryi,"Y0499C, Y0706C, Y0707C"
Species_Group,C_Chanodichthys_mongolicus,Y0704C
Species_Group,C_Claea_dabryi,"Y0031C, Y0032C, Y0569C, Y0571C, Y0572C, Y0574C"
Species_Group,C_Cobitis_sinensis,Y0371C
Species_Group,C_Coreius_guichenoti,"Y0509C, Y0510C, Y0511C, Y0689C"
Species_Group,C_Coreius_heterodon,"Y0507C, Y0508C"
Species_Group,C_Ctenopharyngodon_idella,"Y0195C, Y0614C, Y0615C"
Species_Group,C_Culter_alburnus,"Y0453C, Y0613C"
Species_Group,C_Culter_oxycephaloides,"Y0278C, Y0279C, Y0339C, Y0340C"
Species_Group,C_Cyprinus_carpio,"Y0196C, Y0211C, Y0212C, Y0213C, Y0612C, Y0638C, Y0639C, Y0640C, Y0641C, Y0642C"
Species_Group,C_Discogobio_yunnanensis,Y0896C
Species_Group,C_Distoechodon_tumirostris,"Y0328C, Y0336C"
Species_Group,C_Euchiloglanis_kishinouyei,"Y0766C, Y0767C, Y0768C, Y0769C"
Species_Group,C_Glyptothorax_fokiensis,"Y0011C, Y0012C, Y0013C, Y0014C, Y0015C"
Species_Group,C_Glyptothorax_sinensis,"Y0163C, Y0164C, Y0601C, Y0602C, Y0604C"
Species_Group,C_Gnathopogon_herzensteini,"Y0232C, Y0234C"
Species_Group,C_Gnathopogon_imberbis,"Y0019C, Y0020C, Y0516C"
Species_Group,C_Gymnocypris_eckloni,"Y0715C, Y0718C, Y0719C"
Species_Group,C_Gymnocypris_potanini,"Y0033C, Y0034C, Y0035C, Y0036C, Y0918C, Y0921C, Y0922C, Y0923C, Y0924C"
Species_Group,C_Gymnodiptychus_pachycheilus,"Y0815C, Y0816C, Y0817C"
Species_Group,C_Hemibagrus_macropterus,"Y0077C, Y0078C, Y0079C, Y0080C, Y0081C"
Species_Group,C_Hemibarbus_labeo,"Y0112C, Y0113C, Y0114C, Y0115C, Y0116C"
Species_Group,C_Hemibarbus_maculatus,Y0653C
Species_Group,C_Hemiculter_bleekeri,"Y0696C, Y0708C, Y0709C"
Species_Group,C_Hemiculter_leucisculus,"Y0141C, Y0306C"
Species_Group,C_Hemiculter_tchangi,"Y0142C, Y0254C, Y0457C, Y0458C, Y0459C, Y0460C, Y0652C"
Species_Group,C_Hemiculterella_sauvagei,"Y0043C, Y0044C, Y0045C, Y0046C, Y0047C, Y0889C, Y0890C, Y0891C, Y0892C"
Species_Group,C_Homatula_variegata,"Y0074C, Y0075C, Y0264C, Y0548C, Y0549C, Y0550C, Y0551C, Y0552C"
Species_Group,C_Homatula_wujiangensis,"Y0255C, Y0256C, Y0384C, Y0389C"
Species_Group,C_Hypophthalmichthys_molitrix,"Y0495C, Y0496C, Y0497C"
Species_Group,C_Hypophthalmichthys_nobilis,"Y0493C, Y0494C, Y0598C"
Species_Group,C_Jinshaia_sinensis,"Y0165C, Y0166C"
Species_Group,C_Leiocassis_longirostris,"Y0426C, Y0427C, Y0428C"
Species_Group,C_Leptobotia_elongata,"Y0860C, Y0861C, Y0916C"
Species_Group,C_Liobagrus_marginatus,"Y0591C, Y0593C, Y0594C"
Species_Group,C_Liobagrus_nigricauda,"Y0525C, Y0526C"
Species_Group,C_Luciobarbus_capito,Y0654C
Species_Group,C_Megalobrama_amblycephala,Y0498C
Species_Group,C_Megalobrama_pellegrini,"Y0680C, Y0681C, Y0682C"
Species_Group,C_Misgurnus_anguillicaudatus,"Y0580C, Y0581C, Y0582C, Y0910C, Y0911C"
Species_Group,C_Myxocyprinus_asiaticus,"Y0469C, Y0519C"
Species_Group,C_Onychostoma_macrolepis,"Y0334C, Y0335C, Y0337C"
Species_Group,C_Onychostoma_simum,"Y0064C, Y0065C, Y0066C, Y0067C, Y0068C, Y0845C, Y0846C, Y0847C, Y0848C, Y0849C, Y0850C, Y0851C, Y0852C, Y0853C, Y0854C, Y0855C, Y0856C, Y0857C, Y0858C, Y0932C, Y0933C, Y0934C, Y0935C, Y0936C, Y0937C, Y0939C, Y0940C, Y0941C, Y0942C, Y0943C, Y0949C, Y0952C, Y0958C, Y0959C"
Species_Group,C_Opsariichthys_bidens,"Y0156C, Y0157C, Y0158C, Y0159C, Y0235C"
Species_Group,C_Parabotia_bimaculata,Y0215C
Species_Group,C_Parabotia_fasciatus,Y0345C
Species_Group,C_Paramisgurnus_dabryanus,"Y0028C, Y0565C, Y0566C, Y0567C"
Species_Group,C_Percocypris_pingi,"Y0017C, Y0018C, Y0879C, Y0880C, Y0881C"
Species_Group,C_Platysmacheilus_nudiventris,"Y0108C, Y0109C, Y0110C, Y0111C"
Species_Group,C_Procypris_rabaudi,"Y0038C, Y0039C, Y0040C, Y0041C, Y0042C, Y0202C, Y0862C, Y0863C, Y0864C, Y0865C, Y0866C, Y0867C, Y0868C, Y0869C, Y0870C, Y0871C, Y0872C, Y0873C, Y0874C, Y0875C, Y0876C, Y0930C, Y0931C, Y0950C, Y0951C, Y0960C, Y0973C, Y0974C, Y0975C"
Species_Group,C_Pseudobagrus_pratti,"Y0238C, Y0239C"
Species_Group,C_Pseudobagrus_truncatus,"Y0169C, Y0170C, Y0171C, Y0241C, Y0247C, Y0248C"
Species_Group,C_Pseudobrama_simoni,"Y0480C, Y0482C, Y0483C, Y0484C"
Species_Group,C_Pseudogyrinocheilus_prochilus,"Y0048C, Y0049C, Y0050C, Y0051C, Y0052C, Y0899C, Y0900C"
Species_Group,C_Pseudolaubuca_sinensis,"Y0470C, Y0471C, Y0472C, Y0473C"
Species_Group,C_Pseudorasbora_parva,"Y0151C, Y0535C, Y0536C, Y0537C"
Species_Group,C_Rhinogobio_cylindricus,"Y0684C, Y0686C, Y0687C, Y0688C"
Species_Group,C_Rhinogobio_typus,"Y0092C, Y0093C, Y0094C, Y0095C, Y0096C"
Species_Group,C_Rhinogobio_ventralis,Y0691C
Species_Group,C_Rhinogobius_cliffordpopei,Y0600C
Species_Group,C_Rhinogobius_similis,"Y0016C, Y0527C, Y0894C, Y0895C"
Species_Group,C_Rhodeus_ocellatus,Y0245C
Species_Group,C_Sarcocheilichthys_nigripinnis,"Y0222C, Y0246C"
Species_Group,C_Saurogobio_dabryi,"Y0160C, Y0161C, Y0162C, Y0204C, Y0206C"
Species_Group,C_Saurogobio_punctatus,"Y0143C, Y0144C, Y0145C, Y0146C, Y0147C"
Species_Group,C_Schizopyge_dolichonema,"Y0761C, Y0762C"
Species_Group,C_Schizopygopsis_malacanthus,"Y0819C, Y0823C"
Species_Group,C_Schizopygopsis_selincuoensis,"Y0734C, Y0738C, Y0739C, Y0743C, Y0744C, Y0745C, Y0746C, Y0753C, Y0754C, Y0755C, Y0771C, Y0772C, Y0773C, Y0779C, Y0780C, Y0781C, Y0790C, Y0791C"
Species_Group,C_Schizothorax_davidi,Y0558C
Species_Group,C_Schizothorax_kozlovi,"Y0021C, Y0022C, Y0023C, Y0024C, Y0025C"
Species_Group,C_Schizothorax_sinensis,Y0322C
Species_Group,C_Schizothorax_wangchiachii,"Y0006C, Y0007C, Y0008C, Y0009C, Y0010C"
Species_Group,C_Silurus_asotus,"Y0167C, Y0168C, Y0249C, Y0250C, Y0289C, Y0314C, Y0315C, Y0394C, Y0586C, Y0588C"
Species_Group,C_Silurus_meridionalis,"Y0528C, Y0618C"
Species_Group,C_Sinibrama_taeniatus,"Y0191C, Y0192C, Y0193C"
Species_Group,C_Siniperca_chuatsi,Y0524C
Species_Group,C_Siniperca_knerii,"Y0087C, Y0088C, Y0089C, Y0090C, Y0091C, Y0468C, Y0833C, Y0834C, Y0835C, Y0836C, Y0837C, Y0938C, Y0944C, Y0945C, Y0946C, Y0947C, Y0948C, Y0953C, Y0954C, Y0955C, Y0956C, Y0957C, Y0961C, Y0962C, Y0984C"
Species_Group,C_Sinocyclocheilus_guilinensis,"Y0906C, Y0907C, Y0909C, Y0912C, Y0913C, Y0914C"
Species_Group,C_Sinogastromyzon_sichangensis,"Y0125C, Y0126C, Y0127C, Y0128C, Y0129C"
Species_Group,C_Sinogastromyzon_szechuanensis,"Y0229C, Y0230C, Y0231C, Y0838C, Y0839C"
Species_Group,C_Spinibarbus_sinensis,"Y0102C, Y0103C, Y0104C, Y0105C, Y0106C, Y0194C, Y0324C"
Species_Group,C_Squalidus_argentatus,"Y0148C, Y0149C, Y0150C, Y0218C, Y0219C, Y0220C"
Species_Group,C_Squalidus_wolterstorffi,Y0695C
Species_Group,C_Tachysurus_crassilabris,"Y0097C, Y0098C, Y0099C, Y0100C, Y0101C"
Species_Group,C_Tachysurus_fulvidraco,"Y0136C, Y0137C, Y0138C, Y0139C, Y0140C"
Species_Group,C_Tachysurus_nitidus,"Y0464C, Y0465C, Y0466C, Y0467C"
Species_Group,C_Tachysurus_vachellii,"Y0131C, Y0132C, Y0133C, Y0134C, Y0135C"
Species_Group,C_Triplophysa_bleekeri,"Y0030C, Y0257C, Y0258C, Y0260C, Y0261C, Y0530C, Y0531C, Y0532C, Y0534C"
Species_Group,C_Triplophysa_daqiaoensis,"Y0544C, Y0545C, Y0546C, Y0547C"
Species_Group,C_Triplophysa_leptosoma,"Y0775C, Y0785C, Y0786C"
Species_Group,C_Triplophysa_orientalis,"Y0710C, Y0711C, Y0712C, Y0713C, Y0714C"
Species_Group,C_Triplophysa_pappenheimi,"Y0725C, Y0726C, Y0727C"
Species_Group,C_Triplophysa_pseudoscleroptera,"Y0720C, Y0721C, Y0722C, Y0723C, Y0724C"
Species_Group,C_Triplophysa_siluroides,"Y0728C, Y0729C, Y0730C"
Species_Group,C_Triplophysa_stenura,"Y0782C, Y0783C, Y0784C"
Species_Group,C_Triplophysa_stoliczkai,"Y0273C, Y0274C, Y0275C, Y0276C, Y0277C, Y0575C, Y0576C, Y0577C, Y0578C, Y0579C"
Species_Group,C_Xenocypris_davidi,Y0290C
Species_Group,C_Xenocypris_fangi,Y0296C
Species_Group,C_Xenophysogobio_boulengeri,Y0692C
Species_Group,C_Zacco_platypus,"Y0153C, Y0154C, Y0155C, Y0224C, Y0226C"
Species_Group,P_0,"Y0303P, Y0986P, Y0987P, Y0988P, Y0989P, Y0990P, Y0991P, Y0995P"
Species_Group,P_Abbottina_obtusirostris,"Y0270P, Y0271P, Y0272P"
Species_Group,P_Abbottina_rivularis,"Y0553P, Y0554P, Y0555P"
Species_Group,P_Acrossocheilus_monticola,"Y0083P, Y0084P, Y0969P, Y0970P"
Species_Group,P_Acrossocheilus_yunnanensis,"Y0058P, Y0061P"
Species_Group,P_Ageneiogarra_imberba,"Y0073P, Y0982P"
Species_Group,P_Ameiurus_nebulosus,"Y0650P, Y0651P, Y0662P"
Species_Group,P_Ancherythroculter_kurematsui,"Y0678P, Y0679P, Y0976P"
Species_Group,P_Ancherythroculter_nigrocauda,Y0698P
Species_Group,P_Ancherythroculter_wangi,"Y0462P, Y0463P"
Species_Group,P_Carassius_auratus,"Y0119P, Y0120P, Y0172P, Y0630P, Y0631P, Y0632P, Y0633P, Y0993P, Y0994P"
Species_Group,P_Chanodichthys_dabryi,"Y0706P, Y0707P"
Species_Group,P_Chanodichthys_mongolicus,"Y0704P, Y0705P"
Species_Group,P_Claea_dabryi,"Y0032P, Y0569P, Y0570P, Y0572P"
Species_Group,P_Cobitis_sinensis,"Y0371P, Y0413P"
Species_Group,P_Coreius_guichenoti,"Y0509P, Y0510P, Y0689P"
Species_Group,P_Coreius_heterodon,"Y0507P, Y0508P"
Species_Group,P_Ctenopharyngodon_idella,"Y0195P, Y0614P, Y0615P, Y0616P"
Species_Group,P_Culter_alburnus,Y0613P
Species_Group,P_Culter_oxycephaloides,Y0278P
Species_Group,P_Cyprinus_carpio,"Y0196P, Y0211P, Y0212P, Y0213P, Y0612P, Y0638P, Y0639P, Y0640P, Y0641P, Y0642P, Y0663P"
Species_Group,P_Glyptothorax_fokiensis,"Y0012P, Y0013P, Y0882P, Y0883P, Y0884P, Y0885P, Y0886P, Y0887P"
Species_Group,P_Glyptothorax_sinensis,"Y0164P, Y0601P, Y0602P, Y0604P, Y0605P"
Species_Group,P_Gnathopogon_herzensteini,"Y0232P, Y0233P, Y0234P"
Species_Group,P_Gnathopogon_imberbis,"Y0020P, Y0516P"
Species_Group,P_Gymnocypris_eckloni,"Y0715P, Y0718P, Y0719P"
Species_Group,P_Gymnocypris_potanini,"Y0033P, Y0034P, Y0035P, Y0036P, Y0917P, Y0918P, Y0919P, Y0920P, Y0921P, Y0922P, Y0924P"
Species_Group,P_Hemibagrus_macropterus,"Y0077P, Y0079P, Y0080P, Y0081P"
Species_Group,P_Hemibarbus_labeo,"Y0112P, Y0113P, Y0114P, Y0116P"
Species_Group,P_Hemibarbus_maculatus,Y0653P
Species_Group,P_Hemiculter_bleekeri,"Y0696P, Y0697P, Y0708P, Y0709P"
Species_Group,P_Hemiculter_leucisculus,"Y0915P, Y0971P"
Species_Group,P_Hemiculter_tchangi,"Y0142P, Y0254P, Y0457P, Y0652P"
Species_Group,P_Hemiculterella_sauvagei,"Y0044P, Y0045P, Y0046P, Y0047P, Y0889P, Y0890P, Y0891P, Y0892P"
Species_Group,P_Homatula_variegata,"Y0263P, Y0264P, Y0549P, Y0550P"
Species_Group,P_Homatula_wujiangensis,"Y0255P, Y0256P"
Species_Group,P_Hypophthalmichthys_molitrix,Y0496P
Species_Group,P_Hypophthalmichthys_nobilis,"Y0493P, Y0494P, Y0598P"
Species_Group,P_Jinshaia_sinensis,"Y0165P, Y0166P"
Species_Group,P_Leiocassis_longirostris,"Y0426P, Y0427P, Y0428P"
Species_Group,P_Leptobotia_elongata,"Y0859P, Y0861P, Y0916P"
Species_Group,P_Liobagrus_marginatoides,Y0702P
Species_Group,P_Liobagrus_marginatus,"Y0591P, Y0593P, Y0594P"
Species_Group,P_Luciobarbus_capito,Y0654P
Species_Group,P_Megalobrama_amblycephala,Y0498P
Species_Group,P_Megalobrama_pellegrini,"Y0680P, Y0681P, Y0682P"
Species_Group,P_Misgurnus_anguillicaudatus,"Y0580P, Y0581P, Y0582P"
Species_Group,P_Myxocyprinus_asiaticus,Y0519P
Species_Group,P_Onychostoma_simum,"Y0063P, Y0066P, Y0067P, Y0068P, Y0852P, Y0855P, Y0932P, Y0933P, Y0934P, Y0935P, Y0936P, Y0937P, Y0939P, Y0940P, Y0941P, Y0949P, Y0952P"
Species_Group,P_Opsariichthys_bidens,"Y0156P, Y0157P, Y0158P, Y0159P, Y0235P"
Species_Group,P_Parabotia_bimaculata,"Y0215P, Y0244P"
Species_Group,P_Paramisgurnus_dabryanus,"Y0028P, Y0152P, Y0565P, Y0566P, Y0567P"
Species_Group,P_Percocypris_pingi,"Y0017P, Y0018P, Y0880P"
Species_Group,P_Platysmacheilus_nudiventris,"Y0108P, Y0109P, Y0110P, Y0111P"
Species_Group,P_Procypris_rabaudi,"Y0038P, Y0039P, Y0040P, Y0041P, Y0042P, Y0202P, Y0864P, Y0869P, Y0870P, Y0875P, Y0876P, Y0930P, Y0931P, Y0950P, Y0951P, Y0960P"
Species_Group,P_Pseudobagrus_pratti,"Y0238P, Y0239P"
Species_Group,P_Pseudobagrus_truncatus,"Y0169P, Y0170P, Y0171P, Y0241P, Y0248P"
Species_Group,P_Pseudobrama_simoni,Y0484P
Species_Group,P_Pseudogyrinocheilus_prochilus,"Y0048P, Y0050P, Y0052P"
Species_Group,P_Pseudorasbora_parva,"Y0151P, Y0537P, Y0925P, Y0926P, Y0928P, Y0929P"
Species_Group,P_Rhinogobio_cylindricus,"Y0684P, Y0686P, Y0687P, Y0688P"
Species_Group,P_Rhinogobio_typus,"Y0092P, Y0093P, Y0094P"
Species_Group,P_Rhinogobio_ventralis,Y0691P
Species_Group,P_Rhinogobius_similis,"Y0527P, Y0699P, Y0700P, Y0701P, Y0893P, Y0894P"
Species_Group,P_Rhodeus_ocellatus,Y0245P
Species_Group,P_Sarcocheilichthys_nigripinnis,"Y0221P, Y0222P, Y0246P"
Species_Group,P_Saurogobio_dabryi,"Y0160P, Y0161P, Y0162P, Y0203P, Y0204P, Y0206P"
Species_Group,P_Saurogobio_punctatus,"Y0144P, Y0146P, Y0147P"
Species_Group,P_Schizopygopsis_selincuoensis,Y0734P
Species_Group,P_Schizothorax_davidi,Y0558P
Species_Group,P_Schizothorax_kozlovi,"Y0021P, Y0022P, Y0023P, Y0024P, Y0025P"
Species_Group,P_Schizothorax_wangchiachii,"Y0006P, Y0008P, Y0009P, Y0010P"
Species_Group,P_Silurus_asotus,"Y0167P, Y0168P, Y0197P, Y0249P, Y0250P, Y0289P, Y0586P, Y0588P"
Species_Group,P_Silurus_meridionalis,"Y0528P, Y0617P, Y0618P"
Species_Group,P_Sinibotia_reevesae,Y0664P
Species_Group,P_Sinibrama_taeniatus,"Y0191P, Y0192P, Y0193P"
Species_Group,P_Siniperca_knerii,"Y0087P, Y0088P, Y0090P, Y0091P, Y0468P, Y0833P, Y0836P, Y0938P, Y0944P, Y0945P, Y0946P, Y0947P, Y0948P, Y0953P, Y0956P, Y0957P, Y0961P, Y0984P"
Species_Group,P_Sinocyclocheilus_guilinensis,"Y0906P, Y0907P, Y0908P, Y0909P, Y0913P"
Species_Group,P_Sinogastromyzon_sichangensis,Y0125P
Species_Group,P_Sinogastromyzon_szechuanensis,"Y0229P, Y0230P, Y0231P"
Species_Group,P_Spinibarbus_sinensis,"Y0102P, Y0103P, Y0104P, Y0106P, Y0194P"
Species_Group,P_Squalidus_argentatus,"Y0148P, Y0149P, Y0150P, Y0218P, Y0219P, Y0220P"
Species_Group,P_Squalidus_wolterstorffi,"Y0694P, Y0695P"
Species_Group,P_Tachysurus_crassilabris,"Y0097P, Y0098P, Y0099P, Y0101P"
Species_Group,P_Tachysurus_eupogon,Y0703P
Species_Group,P_Tachysurus_fulvidraco,Y0136P
Species_Group,P_Tachysurus_nitidus,"Y0214P, Y0464P, Y0465P, Y0466P, Y0467P"
Species_Group,P_Tachysurus_vachellii,"Y0131P, Y0964P, Y0965P, Y0966P, Y0967P"
Species_Group,P_Triplophysa_bleekeri,"Y0029P, Y0030P, Y0257P, Y0258P, Y0259P, Y0261P, Y0531P"
Species_Group,P_Triplophysa_daqiaoensis,"Y0544P, Y0545P, Y0546P, Y0547P"
Species_Group,P_Triplophysa_orientalis,"Y0711P, Y0712P, Y0713P, Y0714P"
Species_Group,P_Triplophysa_pappenheimi,"Y0725P, Y0727P"
Species_Group,P_Triplophysa_pseudoscleroptera,"Y0720P, Y0721P, Y0722P, Y0723P, Y0724P"
Species_Group,P_Triplophysa_siluroides,"Y0728P, Y0729P"
Species_Group,P_Triplophysa_stoliczkai,"Y0575P, Y0576P, Y0577P"
Species_Group,P_Xenocypris_davidi,Y0290P
Species_Group,P_Xenophysogobio_boulengeri,Y0692P
Species_Group,P_Zacco_platypus,"Y0154P, Y0155P, Y0224P, Y0226P"
Species_Group,P_unclassified_Bagridae_species,Y0992P
Test,t1,"Y0119C, Y0120C"
Test,t2,"Y0466C, Y0894C"
